Id	Allele2>pathogenic_min&agemax>age_onset_max&motif_norm=motif_path	pathogenic_motif	Allele2_Loci_by_Id	percent	lower_ci	upper_ci
AFF2	0	CCG	110	0	0	3.37439352981642
AR	0	AGC	65	0	3.46944695195361e-16	5.58015313228569
ARX_1	51	CNG	81	62.962962962963	52.0837338908923	72.6683157460451
ARX_2	63	CNG	64	98.4375	91.6658983999057	99.7236458076662
ATN1	0	AGC	91	0	3.46944695195361e-16	4.05040039288802
ATXN1	0	CTG	77	0	0	4.75184252824341
ATXN10	0	ATTCT	75	0	3.46944695195361e-16	4.87238424828058
ATXN2	0	CTG	72	0	6.93889390390723e-16	5.06511725964578
ATXN3	0	CTG	71	0	0	5.13279521968903
ATXN7	0	AGC	59	0	3.46944695195361e-16	6.11293705267884
ATXN8OS	0	CTG	82	0	0	4.47506236901003
BEAN1	0	AATAG	55	0	0	6.52849011170863
C9ORF72	0	CCCCGG	88	0	0	4.18270666648922
CACNA1A	0	CTG	32	0	0	10.7179198255071
COMP	0	CGT	77	0	0	4.75184252824341
DAB1	0	ATTTC	103	0	0	3.59547582286481
DIP2B	0	CGG	120	0	0	3.10191664187035
DMD	68	CTT	68	100	94.652866347993	100
DMPK	0	AGC	98	0	0	3.77199901216806
FMR1	0	CGG	108	0	0	3.4347359746557
FOXL2	42	CNG	88	47.7272727272727	37.6066279792277	58.0380405056127
GIPC1	0	CCG	71	0	0	5.13279521968903
GLS	0	AGC	90	0	3.46944695195361e-16	4.09356255643268
HOXA13_1	124	CNG	124	100	96.9951384659322	100
HOXA13_2	111	CNG	111	100	96.6549895306608	100
HOXA13_3	109	CNG	109	100	96.5957026248675	100
HOXD13	2	CGG	35	5.71428571428571	1.58131618571086	18.6070574201649
HTT	0	AGC	31	0	1.38777878078145e-15	11.0255395460436
JPH3	0	CTG	67	0	0	5.42261393913018
LRP12	0	CCG	41	0	0	8.56675701844318
MARCHF6	0	ATTTC	96	0	3.46944695195361e-16	3.84755878576757
NIPA1	0	CGG	78	0	0	4.69378097121943
NOP56	0	CCTGGG	51	0	0	7.00466198985314
NOTCH2NLC	0	CGG	71	0	0	5.13279521968903
NUTM2B-AS1	0	CGG	66	0	0	5.50025570135413
PABPN1	0	CGG	93	0	0	3.96675026117351
PHOX2B	62	CNG	72	86.1111111111111	76.2868127494437	92.277269229701
PPP2R2B	0	CTG	52	0	0	6.87922361238623
PRDM12	1	CCG	75	1.33333333333333	0.235755113904865	7.17336555442157
RAPGEF2	0	ATTTC	76	0	0	4.81135850651373
RFC1	0	AAGGG	64	0	0	5.66240597928053
RUNX2	79	CNG	79	100	95.3628788346077	100
SAMD12	0	ATTTC	18	0	1.38777878078145e-15	17.5879223646658
SOX3	60	CNG	105	57.1428571428571	47.5903249475117	66.1911882392153
STARD7	0	ATTTC	60	0	0	6.01718521420898
TBP	0	AGC	50	0	6.93889390390723e-16	7.13475991333587
TBX1	37	CNG	56	66.0714285714286	52.9994530070602	77.0800275984081
TCF4	0	AGC	82	0	0	4.47506236901003
TNRC6A	0	ATTTC	60	0	0	6.01718521420898
XYLT1	0	CCG	117	0	0	3.17892456627334
YEATS2	0	ATTTC	97	0	3.46944695195361e-16	3.80940425259477
ZIC2	53	CNG	111	47.7477477477478	38.6873725370891	56.958799105674
ZIC3	55	CNG	71	77.4647887323944	66.4848244020012	85.6253303364795
