Id	Allele2>pathogenic_min&&motif_norm=motif_path	pathogenic_motif	Allele2_Loci_by_Id	percent	lower_ci	upper_ci
AFF2	0	CCG	19159	0	1.35525271560688e-18	0.0200463946275874
AR	10	AGC	19127	0.0522821142887018	0.0284019597462995	0.0962211984771016
ARX_1	222	CNG	19151	1.15920839642839	1.01710167166181	1.3209049350933
ARX_2	339	CNG	19147	1.77051235180446	1.59315879569813	1.96721457111623
ATN1	0	AGC	19239	0	1.35525271560688e-18	0.0199630539435393
ATXN1	33	CTG	19241	0.171508757341095	0.122154597596597	0.240755426734535
ATXN10	0	ATTCT	19241	0	0	0.0199609793040588
ATXN2	11	CTG	19240	0.0571725571725572	0.031928236816945	0.102356068507392
ATXN3	0	CTG	19241	0	0	0.0199609793040588
ATXN7	3	AGC	19241	0.0155917052128268	0.00530272527957375	0.0458354399360372
ATXN8OS	95	CTG	19240	0.493762993762994	0.404119058720507	0.603171815274114
BEAN1	0	AATAG	19199	0	1.35525271560688e-18	0.0200046374851966
C9ORF72	0	CCCCGG	19241	0	0	0.0199609793040588
CACNA1A	1	CTG	19238	0.00519804553487889	0.000917588567703276	0.029440518441937
CNBP	2	AGGC	19241	0.0103944701418845	0.00285058491459019	0.0378951849971701
COMP	1	CGT	19241	0.00519723507094226	0.000917445499080025	0.0294359291088295
DAB1	0	ATTTC	19239	0	1.35525271560688e-18	0.0199630539435393
DIP2B	0	CGG	19241	0	0	0.0199609793040588
DMD	1156	CTT	19137	6.0406542300256	5.71185684027101	6.38709640482513
DMPK	6	AGC	19241	0.0311834104256536	0.0142923954868691	0.0680229556402941
FMR1	0	CGG	19180	0	0	0.0200244504154189
FOXL2	82	CNG	19238	0.426239733860069	0.343556082891327	0.528717286473503
FXN	50	AAG	19241	0.259861753547113	0.197180501861833	0.342400242634762
GIPC1	5	CCG	19241	0.0259861753547113	0.011100235448996	0.0608227203743164
GLS	1	AGC	19241	0.00519723507094226	0.000917445499080025	0.0294359291088295
HOXA13_1	2265	CNG	19241	11.7717374356842	11.3239859719369	12.2347503705891
HOXA13_2	3246	CNG	19241	16.8702250402786	16.3477066086267	17.4059695269768
HOXA13_3	1396	CNG	19241	7.25534015903539	6.8972813010879	7.63046352239177
HOXD13	6	CGG	19241	0.0311834104256536	0.0142923954868691	0.0680229556402941
HTT	3	AGC	19240	0.0155925155925156	0.00530300089619344	0.0458378216976403
JPH3	2	CTG	19241	0.0103944701418845	0.00285058491459019	0.0378951849971701
LRP12	0	CCG	19241	0	0	0.0199609793040588
MARCHF6	0	ATTTC	19239	0	1.35525271560688e-18	0.0199630539435393
NIPA1	59	CGG	19238	0.306684686557854	0.237850655174494	0.395360355743801
NOP56	0	CCTGGG	19241	0	0	0.0199609793040588
NOTCH2NLC	0	CGG	19234	0	1.35525271560688e-18	0.0199682424294685
NUTM2B-AS1	0	CGG	19223	0	0	0.0199796665974576
PABPN1	9	CGG	19241	0.0467751156384803	0.0246111743631526	0.0888813626755627
PHOX2B	372	CNG	19241	1.93337144639052	1.74818943458787	2.13774259774866
PPP2R2B	0	CTG	19241	0	0	0.0199609793040588
PRDM12	8	CCG	19241	0.0415778805675381	0.0210699999452593	0.0820301417896053
RAPGEF2	0	ATTTC	19234	0	1.35525271560688e-18	0.0199682424294685
RFC1	0	AAGGG	19237	0	0	0.019965129014319
RUNX2	260	CNG	19238	1.35149183906851	1.1977691184732	1.52463902495612
SAMD12	0	ATTTC	19223	0	0	0.0199796665974576
SOX3	148	CNG	19159	0.772482906205961	0.657999897357918	0.906702599737974
STARD7	0	ATTTC	19239	0	1.35525271560688e-18	0.0199630539435393
TBP	1	AGC	19241	0.00519723507094226	0.000917445499080025	0.0294359291088295
TBX1	100	CNG	19240	0.51975051975052	0.427554746818215	0.63170080388297
TCF4	857	AGC	19241	4.45403045579752	4.17152364808745	4.75472010661668
TNRC6A	0	ATTTC	19234	0	1.35525271560688e-18	0.0199682424294685
XYLT1	2	CCG	19241	0.0103944701418845	0.00285058491459019	0.0378951849971701
YEATS2	0	ATTTC	19233	0	0	0.0199692804503137
ZIC2	88	CNG	19241	0.457356686242919	0.371405754914822	0.563086011128101
ZIC3	201	CNG	19205	1.04660244727935	0.912145511273878	1.20063916494267
